evidence_class,description,sensitivity,authoritative_source,retention_basis,legal_or_contract_dependency,hold_rule,disposition_rule,owner_role_id,integrity_requirement,review_trigger
GOVERNANCE_DECISION,"Approved scope, policy, objectives, management-review decisions, risk acceptance and exception decisions",INTERNAL_CONTROLLED,"Controlled governance records/GitHub repository or future approved evidence store",RETAIN_WHILE_CURRENT_AND_PRESERVE_SUPERSEDED_DECISION_HISTORY,LEGAL_OR_CONTRACT_REVIEW_REQUIRED,"Suspend disposition when legal/contract hold or active dispute/investigation applies","Retire from current use when superseded; preserve decision lineage until approved disposition rule exists",ROLE-AIMS-OWNER,"Preserve approver, date, version, rationale and supersession lineage",Policy/scope/authority change; legal/contract review; management review
TECHNICAL_VERIFICATION,"CI runs, deterministic tests, isolated integration evidence, benchmark artifacts and verification records",INTERNAL_TECHNICAL,"GitHub Actions/repository provenance and approved test artifact stores",RETAIN_TO_RECONSTRUCT_ACCEPTED_CONTROL_STATE_AND_MATERIAL_RELEASE_DECISIONS,LEGAL_OR_CONTRACT_REVIEW_REQUIRED,"Preserve when tied to active incident, finding, release dispute or certification-readiness evidence","Dispose only under approved evidence policy after replacement/current-state traceability and holds are resolved",ROLE-VERIFICATION-AUDIT,"Immutable run/result identity where available; failed evidence must not be silently removed",Control change; major release; audit; incident; storage/cost review
INCIDENT_CORRECTIVE_ACTION,"Incident records, containment, root cause, corrective action, effectiveness and closure evidence",RESTRICTED,"Approved incident/corrective-action record and referenced source evidence",RETAIN_THROUGH_CLOSURE_EFFECTIVENESS_REVIEW_AND_REQUIRED_HISTORICAL_TRACEABILITY,LEGAL_OR_CONTRACT_REVIEW_REQUIRED,"Mandatory hold while incident, investigation, claim, audit or corrective action is open","Disposition requires human owner confirmation that holds and applicable duties are resolved; preserve non-sensitive closure history",ROLE-INCIDENT-OWNER,"Original observations and corrections remain traceable; no silent rewriting",Incident closure; legal/contract review; recurrence; audit
RISK_ASSESSMENT,"Risk/impact assessments, treatment decisions, residual risk, acceptance and review history",INTERNAL_CONTROLLED,"AIMS risk register and linked authoritative evidence",RETAIN_CURRENT_AND_HISTORICAL_STATES_NEEDED_TO_RECONSTRUCT_RISK_DECISIONS,LEGAL_OR_CONTRACT_REVIEW_REQUIRED,"Hold while risk is open, accepted for a bounded period, linked to incident/finding, or under review","Retire closed risk from active view only after closure basis/evidence remains reconstructable",ROLE-RISK-OWNER,"Preserve prior ratings/treatments, actor, date and evidence state",Risk change; system/supplier change; incident; management review
SUPPLIER_ASSURANCE,"Supplier assessments, terms snapshots/references, security/privacy evidence, incidents, fallback/exit decisions",INTERNAL_CONTROLLED,"Supplier governance register plus referenced supplier/contract sources",RETAIN_WHILE_DEPENDENCY_EXISTS_AND_FOR_DECISION_TRACEABILITY_AFTER_EXIT,LEGAL_OR_CONTRACT_REVIEW_REQUIRED,"Hold during supplier incident, dispute, exit, migration or unresolved assurance finding","After exit, remove unnecessary sensitive/vendor-confidential material only under approved rule while retaining decision/provenance summary",ROLE-SUPPLIER-OWNER,"Record source, retrieval/review date, scope, expiry where applicable and uncertainty",Supplier reassessment; terms/subprocessor/model/region change; incident; exit
AUTHORITY_EXECUTION_PROVENANCE,"Capability grants, authorization decisions, execution identities, reservations, settlements, work leases and terminal outcomes",RESTRICTED,"Authoritative runtime/database/GitHub evidence where applicable",RETAIN_SUFFICIENT_TO_RECONSTRUCT_CONSEQUENTIAL_AUTHORITY_AND_EXECUTION_HISTORY,LEGAL_OR_CONTRACT_REVIEW_REQUIRED,"Hold while incident, audit, financial reconciliation or disputed action remains open","Disposition only after authoritative retention rule exists and dependent audit/financial/security obligations are resolved",ROLE-CONTROL-OWNER,"Append-only or tamper-evident where material; preserve revocation/expiry/terminal state",Production activation; authority-model change; incident; financial reconciliation
DATA_MEMORY_LINEAGE,"Data source, classification, ingestion, memory/embedding/knowledge lineage and correction/deletion evidence",RESTRICTED_DATA_GOVERNANCE,"Authoritative data/memory systems plus minimal governance references",RETENTION_MUST_FOLLOW_APPROVED_DATA_PURPOSE_CLASSIFICATION_AND_APPLICABLE_DUTIES,LEGAL_OR_CONTRACT_REVIEW_REQUIRED,"Hold only when law/contract/incident/investigation requires; otherwise data minimization remains controlling","Delete or de-identify underlying data when approved purpose/retention ends; retain minimal non-sensitive proof of disposition when justified",ROLE-DATA-PRIVACY,"Do not duplicate raw sensitive payloads into governance records; preserve lineage and disposition evidence",First ingestion; data-class/purpose change; deletion request/process; jurisdiction/customer change
COMPETENCE_AWARENESS,"Role assignment, competence evidence, training/awareness, exercises and independence/conflict checks",INTERNAL_PERSONNEL,"Approved competence/training records and role register references",RETAIN_WHILE_ROLE_AUTHORITY_IS_ACTIVE_AND_FOR_REQUIRED_DECISION_AUDITABILITY,LEGAL_OR_CONTRACT_REVIEW_REQUIRED,"Hold when competence/independence is under investigation or tied to an open finding","Remove unnecessary personal detail under approved privacy rule while preserving role/decision competence evidence",ROLE-AIMS-OWNER,"Minimize personal data; preserve evidence basis, reviewer and review date",Role/authority change; audit; incident; competence review
PUBLIC_ASSURANCE_CLAIM,"Public/customer/auditor statements about deployment, security, compliance, certification, autonomy or model behavior",PUBLIC_OR_CONTROLLED_PREPUBLICATION,"Approved claim record plus evidence references",RETAIN_CLAIM_VERSION_AND_SUPPORTING_EVIDENCE_FOR_AS_LONG_AS_CLAIM_MAY_MATERIALLY_BE_RELIED_UPON,LEGAL_OR_CONTRACT_REVIEW_REQUIRED,"Hold when claim is challenged, under audit, part of contract/sales evidence or linked to incident","Withdraw/supersede inaccurate claim promptly; retain correction and prior-version lineage",ROLE-AIMS-OWNER,"Evidence state and approval must be traceable; unsupported claims are not deleted to conceal history",New/changed claim; evidence expiry; incident; legal/contract/customer review
