control_id,domain,control_objective,applicability,rationale,owner,engineering_tier,nist_ai_rmf,eu_ai_act,iso_27001,evidence_state,implementation_refs,evidence_refs,source_classification,source_repo,source_commit,normative_verification
A.2.2,A.2,Maintain an approved AI governance policy.,APPLICABLE,CoMind develops and operates AI-enabled systems.,Founder/CEO (AIMS owner),T1,GOVERN 1.1;GOVERN 1.2,Art. 17;Art. 26,A.5.1,REPOSITORY_IMPLEMENTED,docs/governance/iso/AIMS-AI-POLICY-DRAFT.md,docs/governance/iso/AIMS-CONTROL-EVIDENCE-MATRIX.md,SECONDARY_SOURCE_UNVERIFIED,Ankit-Uniyal/iso-42001-ai-governance-toolkit,803b62da4c66f6b6ab601c87cb298597a497eebd,PENDING_LICENSED_SOURCE
A.2.3,A.2,"Align AI policy with security, privacy, data and engineering governance.",APPLICABLE,AI governance crosses existing CoMind control domains.,Founder/CEO (AIMS owner),T1,GOVERN 1.1;GOVERN 2.1,Art. 17,A.5.1,REPOSITORY_IMPLEMENTED,AGENTS.md;docs/governance/iso/STANDARDS-APPLICABILITY-REGISTER.md,docs/governance/iso/AIMS-CONTROL-EVIDENCE-MATRIX.md,SECONDARY_SOURCE_UNVERIFIED,Ankit-Uniyal/iso-42001-ai-governance-toolkit,803b62da4c66f6b6ab601c87cb298597a497eebd,PENDING_LICENSED_SOURCE
A.2.4,A.2,Review AI policy on cadence and material change.,APPLICABLE,"Architecture, suppliers, authority and obligations change.",Founder/CEO (AIMS owner),T1,GOVERN 1.1;MANAGE 4.1,Art. 17;Art. 9,A.5.1,REPOSITORY_IMPLEMENTED,docs/governance/iso/AIMS-AUDIT-REVIEW-CORRECTIVE-ACTION.md,docs/governance/iso/AIMS-CONTROL-EVIDENCE-MATRIX.md,SECONDARY_SOURCE_UNVERIFIED,Ankit-Uniyal/iso-42001-ai-governance-toolkit,803b62da4c66f6b6ab601c87cb298597a497eebd,PENDING_LICENSED_SOURCE
A.3.2,A.3,Define accountable human and delegated AI roles.,APPLICABLE,Virtual Employee delegation requires explicit human accountability.,Founder/CEO (AIMS owner),T2,GOVERN 2.1;GOVERN 2.2,Art. 26;Art. 22,A.5.2,REPOSITORY_IMPLEMENTED,docs/governance/iso/AIMS-RESPONSIBILITY-MATRIX.md,docs/governance/iso/AIMS-CONTROL-EVIDENCE-MATRIX.md,SECONDARY_SOURCE_UNVERIFIED,Ankit-Uniyal/iso-42001-ai-governance-toolkit,803b62da4c66f6b6ab601c87cb298597a497eebd,PENDING_LICENSED_SOURCE
A.3.3,A.3,Provide a durable route to report AI concerns and incidents.,APPLICABLE,Concerns must not disappear silently.,Incident owner / AIMS owner,T2,GOVERN 4.1;GOVERN 4.2;GOVERN 4.3,Art. 26;Art. 73,A.6.8,GAP,docs/governance/iso/AIMS-AUDIT-REVIEW-CORRECTIVE-ACTION.md,docs/governance/iso/AIMS-CONTROL-EVIDENCE-MATRIX.md,SECONDARY_SOURCE_UNVERIFIED,Ankit-Uniyal/iso-42001-ai-governance-toolkit,803b62da4c66f6b6ab601c87cb298597a497eebd,PENDING_LICENSED_SOURCE
A.4.2,A.4,Inventory resources needed across the AI lifecycle.,APPLICABLE,"CoMind depends on models, tools, data, infrastructure and people.",System/architecture owner,T1,GOVERN 1.2;MAP 1.1,Art. 17;Art. 11,A.5.9,REPOSITORY_IMPLEMENTED,docs/governance/iso/AIMS-AI-SYSTEM-AND-SUPPLIER-INVENTORY.md,docs/governance/iso/AIMS-CONTROL-EVIDENCE-MATRIX.md,SECONDARY_SOURCE_UNVERIFIED,Ankit-Uniyal/iso-42001-ai-governance-toolkit,803b62da4c66f6b6ab601c87cb298597a497eebd,PENDING_LICENSED_SOURCE
A.4.3,A.4,"Govern data resources, provenance, sensitivity and allowed use.",APPLICABLE,Persistent memory and retrieval depend on controlled data.,Data owner,T3,MAP 2.3;MEASURE 2.2,Art. 10,A.5.9;A.5.34,GAP,docs/governance/iso/AIMS-AI-SYSTEM-AND-SUPPLIER-INVENTORY.md,docs/governance/iso/AIMS-CONTROL-EVIDENCE-MATRIX.md,SECONDARY_SOURCE_UNVERIFIED,Ankit-Uniyal/iso-42001-ai-governance-toolkit,803b62da4c66f6b6ab601c87cb298597a497eebd,PENDING_LICENSED_SOURCE
A.4.4,A.4,"Inventory and govern models, frameworks, libraries and tools.",APPLICABLE,"CoMind integrates external models, code and agent capabilities.",AI/systems architecture owner,T2,MAP 4.1;MANAGE 2.2,Art. 15,A.8.28;A.8.31,GAP,docs/governance/iso/AIMS-AI-SYSTEM-AND-SUPPLIER-INVENTORY.md,docs/governance/iso/AIMS-CONTROL-EVIDENCE-MATRIX.md,SECONDARY_SOURCE_UNVERIFIED,Ankit-Uniyal/iso-42001-ai-governance-toolkit,803b62da4c66f6b6ab601c87cb298597a497eebd,PENDING_LICENSED_SOURCE
A.4.5,A.4,"Govern compute, storage, network and execution environments.",APPLICABLE,CoMind depends on managed cloud and database infrastructure.,Systems/SRE owner,T2,MAP 4.1;MANAGE 3.1,Art. 15,A.8.1;A.8.9,GAP,docs/governance/iso/AIMS-AI-SYSTEM-AND-SUPPLIER-INVENTORY.md,docs/governance/iso/AIMS-CONTROL-EVIDENCE-MATRIX.md,SECONDARY_SOURCE_UNVERIFIED,Ankit-Uniyal/iso-42001-ai-governance-toolkit,803b62da4c66f6b6ab601c87cb298597a497eebd,PENDING_LICENSED_SOURCE
A.4.6,A.4,Define required human competence and staffing for AI governance.,APPLICABLE,AIMS accountability and audit remain human responsibilities.,Founder/CEO / role owners,T1,GOVERN 2.2;GOVERN 3.2,Art. 4;Art. 26,A.6.3,GAP,docs/governance/iso/AIMS-RESPONSIBILITY-MATRIX.md,docs/governance/iso/AIMS-CONTROL-EVIDENCE-MATRIX.md,SECONDARY_SOURCE_UNVERIFIED,Ankit-Uniyal/iso-42001-ai-governance-toolkit,803b62da4c66f6b6ab601c87cb298597a497eebd,PENDING_LICENSED_SOURCE
A.5.2,A.5,Use a defined process to assess AI-system impacts.,APPLICABLE,Persistent and autonomous AI can create consequential impacts.,Risk owner,T3,MAP 5.1;MAP 5.2,Art. 27;Art. 9,A.5.35,REPOSITORY_IMPLEMENTED,docs/governance/iso/AIMS-RISK-AND-IMPACT-REGISTER.md,docs/governance/iso/AIMS-CONTROL-EVIDENCE-MATRIX.md,SECONDARY_SOURCE_UNVERIFIED,Ankit-Uniyal/iso-42001-ai-governance-toolkit,803b62da4c66f6b6ab601c87cb298597a497eebd,PENDING_LICENSED_SOURCE
A.5.3,A.5,Retain evidence of impact assessments and follow-up decisions.,APPLICABLE,Impact decisions must be auditable and reconstructable.,Risk owner / evidence steward,T3,MAP 5.1;GOVERN 1.4,Art. 27;Art. 11;Art. 18,A.5.33,REPOSITORY_IMPLEMENTED,docs/governance/iso/AIMS-RISK-AND-IMPACT-REGISTER.md,docs/governance/iso/AIMS-CONTROL-EVIDENCE-MATRIX.md,SECONDARY_SOURCE_UNVERIFIED,Ankit-Uniyal/iso-42001-ai-governance-toolkit,803b62da4c66f6b6ab601c87cb298597a497eebd,PENDING_LICENSED_SOURCE
A.5.4,A.5,Assess material impacts on individuals and identifiable groups.,APPLICABLE,"CoMind may personalize memory, decisions and agent actions.",Risk owner,T3,MAP 1.1;MAP 3.3;MEASURE 2.11,Art. 27;Art. 5;Art. 14,A.5.34,PROPOSED,docs/governance/iso/AIMS-RISK-AND-IMPACT-REGISTER.md,docs/governance/iso/AIMS-CONTROL-EVIDENCE-MATRIX.md,SECONDARY_SOURCE_UNVERIFIED,Ankit-Uniyal/iso-42001-ai-governance-toolkit,803b62da4c66f6b6ab601c87cb298597a497eebd,PENDING_LICENSED_SOURCE
A.5.5,A.5,Assess broader societal and systemic impacts where material.,APPLICABLE,Enterprise-scale persistent AI can have effects beyond one user.,Risk owner / AIMS owner,T3,MAP 3.1;MAP 5.1,Art. 27,,PROPOSED,docs/governance/iso/AIMS-RISK-AND-IMPACT-REGISTER.md,docs/governance/iso/AIMS-CONTROL-EVIDENCE-MATRIX.md,SECONDARY_SOURCE_UNVERIFIED,Ankit-Uniyal/iso-42001-ai-governance-toolkit,803b62da4c66f6b6ab601c87cb298597a497eebd,PENDING_LICENSED_SOURCE
A.6.1.2,A.6,Set measurable objectives for responsible AI development.,APPLICABLE,"CoMind already governs reliability, evidence, security and cost.",AIMS owner / engineering owner,T2,GOVERN 1.1;GOVERN 3.2;MAP 1.4,Art. 9;Art. 17,Clause 6.2,REPOSITORY_IMPLEMENTED,docs/governance/iso/AIMS-OBJECTIVES-AND-METRICS.md;AGENTS.md,docs/governance/iso/AIMS-CONTROL-EVIDENCE-MATRIX.md,SECONDARY_SOURCE_UNVERIFIED,Ankit-Uniyal/iso-42001-ai-governance-toolkit,803b62da4c66f6b6ab601c87cb298597a497eebd,PENDING_LICENSED_SOURCE
A.6.1.3,A.6,Use governed and traceable AI design/development processes.,APPLICABLE,CoMind is actively developed as AI infrastructure.,Engineering/architecture owner,T2,MAP 1.1;MANAGE 1.1,Art. 9;Art. 17,A.8.25,REPOSITORY_IMPLEMENTED,AGENTS.md;docs/governance/GOV-001-standards-and-ve-baseline.md,docs/governance/iso/AIMS-CONTROL-EVIDENCE-MATRIX.md,SECONDARY_SOURCE_UNVERIFIED,Ankit-Uniyal/iso-42001-ai-governance-toolkit,803b62da4c66f6b6ab601c87cb298597a497eebd,PENDING_LICENSED_SOURCE
A.6.2.2,A.6,"Record intended purpose, requirements, constraints and acceptance criteria.",APPLICABLE,Material changes need both capability and governance requirements.,Product/system owner,T2,MAP 1.1;MAP 2.1,Art. 9;Art. 13,A.8.26,REPOSITORY_IMPLEMENTED,AGENTS.md;docs/governance/iso/AIMS-SCOPE-DRAFT.md,docs/governance/iso/AIMS-CONTROL-EVIDENCE-MATRIX.md,SECONDARY_SOURCE_UNVERIFIED,Ankit-Uniyal/iso-42001-ai-governance-toolkit,803b62da4c66f6b6ab601c87cb298597a497eebd,PENDING_LICENSED_SOURCE
A.6.2.3,A.6,Maintain traceable technical and architectural design documentation.,APPLICABLE,Persistent cognition needs durable design and provenance records.,Architecture owner,T1,MAP 2.2;GOVERN 1.4,Art. 11;Annex IV,A.5.37,REPOSITORY_IMPLEMENTED,docs/;docs/provenance/,docs/governance/iso/AIMS-CONTROL-EVIDENCE-MATRIX.md,SECONDARY_SOURCE_UNVERIFIED,Ankit-Uniyal/iso-42001-ai-governance-toolkit,803b62da4c66f6b6ab601c87cb298597a497eebd,PENDING_LICENSED_SOURCE
A.6.2.4,A.6,"Verify AI behavior against reliability, security and harm criteria.",APPLICABLE,No-placeholder acceptance requires executed verification evidence.,Verification owner / PROOF,T3,MEASURE 2.1;MEASURE 2.5;MEASURE 2.7;MEASURE 2.11,Art. 9;Art. 15;Art. 10,A.8.29,ISOLATED_VERIFIED,AGENTS.md;.github/workflows/ci.yml,docs/governance/iso/AIMS-CONTROL-EVIDENCE-MATRIX.md,SECONDARY_SOURCE_UNVERIFIED,Ankit-Uniyal/iso-42001-ai-governance-toolkit,803b62da4c66f6b6ab601c87cb298597a497eebd,PENDING_LICENSED_SOURCE
A.6.2.5,A.6,"Control deployment through authority, environment separation and rollback.",APPLICABLE,Production changes can be consequential or irreversible.,Deployment/SRE owner,T3,MANAGE 1.1;MANAGE 2.1,Art. 16;Art. 43,A.8.32,REPOSITORY_IMPLEMENTED,AGENTS.md;docs/governance/iso/AIMS-RESPONSIBILITY-MATRIX.md,docs/governance/iso/AIMS-CONTROL-EVIDENCE-MATRIX.md,SECONDARY_SOURCE_UNVERIFIED,Ankit-Uniyal/iso-42001-ai-governance-toolkit,803b62da4c66f6b6ab601c87cb298597a497eebd,PENDING_LICENSED_SOURCE
A.6.2.6,A.6,"Monitor operation for failures, drift, cost and control degradation.",APPLICABLE,Persistent agentic operation requires observable degradation detection.,Operations/SRE owner,T2,MEASURE 2.4;MANAGE 4.1,Art. 72;Art. 26,A.8.16,ISOLATED_VERIFIED,docs/governance/iso/AIMS-OBJECTIVES-AND-METRICS.md;docs/provenance/,docs/governance/iso/AIMS-CONTROL-EVIDENCE-MATRIX.md,SECONDARY_SOURCE_UNVERIFIED,Ankit-Uniyal/iso-42001-ai-governance-toolkit,803b62da4c66f6b6ab601c87cb298597a497eebd,PENDING_LICENSED_SOURCE
A.6.2.7,A.6,"Maintain technical documentation of configuration, limits and dependencies.",APPLICABLE,Auditable persistent cognition requires durable technical documentation.,Architecture/system owner,T1,MAP 2.2;MEASURE 1.1,Art. 11;Art. 13;Annex IV,A.5.37,REPOSITORY_IMPLEMENTED,docs/;docs/provenance/,docs/governance/iso/AIMS-CONTROL-EVIDENCE-MATRIX.md,SECONDARY_SOURCE_UNVERIFIED,Ankit-Uniyal/iso-42001-ai-governance-toolkit,803b62da4c66f6b6ab601c87cb298597a497eebd,PENDING_LICENSED_SOURCE
A.6.2.8,A.6,"Record material AI events with identity, authority, outcome and provenance.",APPLICABLE,CoMind governance depends on traceable agent/tool/provider actions.,Operations/security owner,T3,MEASURE 1.1;MEASURE 2.4,Art. 12;Art. 19;Art. 26,A.8.15;A.8.16,ISOLATED_VERIFIED,docs/governance/iso/AIMS-CONTROL-EVIDENCE-MATRIX.md;docs/provenance/,docs/governance/iso/AIMS-CONTROL-EVIDENCE-MATRIX.md,SECONDARY_SOURCE_UNVERIFIED,Ankit-Uniyal/iso-42001-ai-governance-toolkit,803b62da4c66f6b6ab601c87cb298597a497eebd,PENDING_LICENSED_SOURCE
A.7.2,A.7,Define data requirements and allowed uses for AI systems.,APPLICABLE,"Memory, retrieval and future learning depend on governed data use.",Data owner,T3,MAP 2.3;MEASURE 2.2,Art. 10,A.5.9,GAP,docs/governance/iso/AIMS-AI-SYSTEM-AND-SUPPLIER-INVENTORY.md,docs/governance/iso/AIMS-CONTROL-EVIDENCE-MATRIX.md,SECONDARY_SOURCE_UNVERIFIED,Ankit-Uniyal/iso-42001-ai-governance-toolkit,803b62da4c66f6b6ab601c87cb298597a497eebd,PENDING_LICENSED_SOURCE
A.7.3,A.7,"Govern data acquisition with authority, provenance and access restrictions.",APPLICABLE,"CoMind ingests user, research and connected-source data.",Data/privacy owner,T3,MAP 2.3;MANAGE 2.2,Art. 10;Art. 53,A.5.15;A.5.34;A.8.12,GAP,docs/governance/iso/AIMS-AI-SYSTEM-AND-SUPPLIER-INVENTORY.md,docs/governance/iso/AIMS-CONTROL-EVIDENCE-MATRIX.md,SECONDARY_SOURCE_UNVERIFIED,Ankit-Uniyal/iso-42001-ai-governance-toolkit,803b62da4c66f6b6ab601c87cb298597a497eebd,PENDING_LICENSED_SOURCE
A.7.4,A.7,Define and verify data-quality criteria appropriate to purpose and risk.,APPLICABLE,Poor-quality memory or retrieval data can degrade decisions.,Data / verification owner,T3,MEASURE 2.2;MEASURE 2.3,Art. 10,A.5.12,GAP,docs/governance/iso/AIMS-RISK-AND-IMPACT-REGISTER.md,docs/governance/iso/AIMS-CONTROL-EVIDENCE-MATRIX.md,SECONDARY_SOURCE_UNVERIFIED,Ankit-Uniyal/iso-42001-ai-governance-toolkit,803b62da4c66f6b6ab601c87cb298597a497eebd,PENDING_LICENSED_SOURCE
A.7.5,A.7,"Preserve data lineage, origin, transformations and permitted use.",APPLICABLE,Provenance is a core CoMind architectural requirement.,Data/provenance owner,T3,MAP 2.3;MEASURE 2.2,Art. 10;Art. 53,A.5.13,REPOSITORY_IMPLEMENTED,docs/provenance/;docs/governance/iso/AIMS-AI-SYSTEM-AND-SUPPLIER-INVENTORY.md,docs/governance/iso/AIMS-CONTROL-EVIDENCE-MATRIX.md,SECONDARY_SOURCE_UNVERIFIED,Ankit-Uniyal/iso-42001-ai-governance-toolkit,803b62da4c66f6b6ab601c87cb298597a497eebd,PENDING_LICENSED_SOURCE
A.7.6,A.7,"Govern data preparation, transformation, labeling and bias handling.",APPLICABLE,Prepared data can materially alter downstream AI behavior.,Data / verification owner,T3,MEASURE 2.11;MAP 2.3,Art. 10,A.5.12,GAP,docs/governance/iso/AIMS-RISK-AND-IMPACT-REGISTER.md,docs/governance/iso/AIMS-CONTROL-EVIDENCE-MATRIX.md,SECONDARY_SOURCE_UNVERIFIED,Ankit-Uniyal/iso-42001-ai-governance-toolkit,803b62da4c66f6b6ab601c87cb298597a497eebd,PENDING_LICENSED_SOURCE
A.8.2,A.8,"Provide users/operators material information about purpose, limits and oversight.",APPLICABLE,Persistent and agentic capabilities require bounded human reliance.,Product/system owner,T2,MEASURE 2.8;MEASURE 2.9,Art. 13;Art. 11,A.5.37,GAP,docs/governance/iso/AIMS-COMPETENCE-COMMUNICATION-AND-DOCUMENT-CONTROL.md,docs/governance/iso/AIMS-CONTROL-EVIDENCE-MATRIX.md,SECONDARY_SOURCE_UNVERIFIED,Ankit-Uniyal/iso-42001-ai-governance-toolkit,803b62da4c66f6b6ab601c87cb298597a497eebd,PENDING_LICENSED_SOURCE
A.8.3,A.8,Define accountable routes for required external AI reporting.,APPLICABLE,Future markets and regulated uses can impose reporting duties.,AIMS/legal-compliance owner,T3,GOVERN 4.3;MANAGE 4.1,Art. 73;Art. 49;Art. 71;Art. 62,A.5.5;A.5.31,GAP,docs/governance/iso/AIMS-COMPETENCE-COMMUNICATION-AND-DOCUMENT-CONTROL.md,docs/governance/iso/AIMS-CONTROL-EVIDENCE-MATRIX.md,SECONDARY_SOURCE_UNVERIFIED,Ankit-Uniyal/iso-42001-ai-governance-toolkit,803b62da4c66f6b6ab601c87cb298597a497eebd,PENDING_LICENSED_SOURCE
A.8.4,A.8,Communicate material AI incidents through defined escalation and timing rules.,APPLICABLE,Incident communication is needed for containment and accountability.,Incident owner / AIMS owner,T3,MANAGE 4.1;MANAGE 4.3,Art. 73;Art. 26,A.5.24;A.5.26;A.6.8,GAP,docs/governance/iso/AIMS-AUDIT-REVIEW-CORRECTIVE-ACTION.md,docs/governance/iso/AIMS-CONTROL-EVIDENCE-MATRIX.md,SECONDARY_SOURCE_UNVERIFIED,Ankit-Uniyal/iso-42001-ai-governance-toolkit,803b62da4c66f6b6ab601c87cb298597a497eebd,PENDING_LICENSED_SOURCE
A.8.5,A.8,Define AI information that must be communicated to interested parties.,APPLICABLE,CoMind must support transparent human oversight and stakeholder obligations.,Product/AIMS owner,T2,GOVERN 5.1;MAP 5.2,Art. 50;Art. 13;Art. 86,A.5.34,REPOSITORY_IMPLEMENTED,docs/governance/iso/AIMS-CONTEXT-AND-INTERESTED-PARTIES.md;docs/governance/iso/AIMS-COMPETENCE-COMMUNICATION-AND-DOCUMENT-CONTROL.md,docs/governance/iso/AIMS-CONTROL-EVIDENCE-MATRIX.md,SECONDARY_SOURCE_UNVERIFIED,Ankit-Uniyal/iso-42001-ai-governance-toolkit,803b62da4c66f6b6ab601c87cb298597a497eebd,PENDING_LICENSED_SOURCE
A.9.2,A.9,"Define responsible-use processes including oversight, authority and escalation.",APPLICABLE,Virtual Employees and tools require bounded use and explicit authority.,AIMS/runtime authority owner,T3,GOVERN 5.1;MANAGE 1.1;MANAGE 2.3,Art. 26;Art. 14,A.5.10,REPOSITORY_IMPLEMENTED,AGENTS.md;docs/governance/iso/AIMS-RESPONSIBILITY-MATRIX.md;docs/governance/iso/ISO-VE-SHADOW-MODE-CONTRACT.md,docs/governance/iso/AIMS-CONTROL-EVIDENCE-MATRIX.md,SECONDARY_SOURCE_UNVERIFIED,Ankit-Uniyal/iso-42001-ai-governance-toolkit,803b62da4c66f6b6ab601c87cb298597a497eebd,PENDING_LICENSED_SOURCE
A.9.3,A.9,Set measurable objectives and boundaries for responsible AI use.,APPLICABLE,"Operational AI use must remain tied to purpose, reliability and cost limits.",AIMS/system owner,T2,GOVERN 1.1;GOVERN 5.1;MANAGE 1.1,Art. 26;Art. 14,Clause 6.2,REPOSITORY_IMPLEMENTED,docs/governance/iso/AIMS-OBJECTIVES-AND-METRICS.md,docs/governance/iso/AIMS-CONTROL-EVIDENCE-MATRIX.md,SECONDARY_SOURCE_UNVERIFIED,Ankit-Uniyal/iso-42001-ai-governance-toolkit,803b62da4c66f6b6ab601c87cb298597a497eebd,PENDING_LICENSED_SOURCE
A.9.4,A.9,Document intended use and prevent or escalate material out-of-scope use.,APPLICABLE,Capabilities can be repurposed or over-delegated without explicit boundaries.,System/product owner,T3,MAP 1.1;MAP 3.4;MANAGE 1.2,Art. 26;Art. 25;Art. 13,A.5.10,GAP,docs/governance/iso/AIMS-SCOPE-DRAFT.md,docs/governance/iso/AIMS-CONTROL-EVIDENCE-MATRIX.md,SECONDARY_SOURCE_UNVERIFIED,Ankit-Uniyal/iso-42001-ai-governance-toolkit,803b62da4c66f6b6ab601c87cb298597a497eebd,PENDING_LICENSED_SOURCE
A.10.2,A.10,"Allocate responsibilities across AI providers, integrators and operators.",APPLICABLE,CoMind relies on external providers while retaining integration responsibility.,Supplier/AIMS owner,T2,GOVERN 2.1;GOVERN 6.1;GOVERN 6.2,Art. 25;Art. 26;Art. 16,A.5.19;A.5.2,REPOSITORY_IMPLEMENTED,docs/governance/iso/AIMS-RESPONSIBILITY-MATRIX.md;docs/governance/iso/AIMS-AI-SYSTEM-AND-SUPPLIER-INVENTORY.md,docs/governance/iso/AIMS-CONTROL-EVIDENCE-MATRIX.md,SECONDARY_SOURCE_UNVERIFIED,Ankit-Uniyal/iso-42001-ai-governance-toolkit,803b62da4c66f6b6ab601c87cb298597a497eebd,PENDING_LICENSED_SOURCE
A.10.3,A.10,"Assess and monitor AI suppliers, terms, data flows, continuity and change risk.",APPLICABLE,"CoMind materially depends on model, cloud, source-control and connector suppliers.",Supplier/security owner,T3,GOVERN 6.1;GOVERN 6.2;MAP 4.1,Art. 25;Art. 16,A.5.19;A.5.20;A.5.21;A.5.22,GAP,docs/governance/iso/AIMS-AI-SYSTEM-AND-SUPPLIER-INVENTORY.md,docs/governance/iso/AIMS-CONTROL-EVIDENCE-MATRIX.md,SECONDARY_SOURCE_UNVERIFIED,Ankit-Uniyal/iso-42001-ai-governance-toolkit,803b62da4c66f6b6ab601c87cb298597a497eebd,PENDING_LICENSED_SOURCE
A.10.4,A.10,Define customer responsibilities and commitments when CoMind is provided as a service.,UNDETERMINED,Customer obligations depend on the final commercial and certification boundary.,Founder/CEO / future customer owner,T2,GOVERN 5.1;GOVERN 6.1,Art. 13;Art. 25;Art. 26,A.5.20,GAP,docs/governance/iso/AIMS-SCOPE-DRAFT.md,docs/governance/iso/AIMS-CONTROL-EVIDENCE-MATRIX.md,SECONDARY_SOURCE_UNVERIFIED,Ankit-Uniyal/iso-42001-ai-governance-toolkit,803b62da4c66f6b6ab601c87cb298597a497eebd,PENDING_LICENSED_SOURCE
