role_id,role_name,accountability_scope,mandatory_competencies,prohibited_conflicts,assignment_state,competence_evidence_state,evidence_required,evidence_refs,review_trigger
ROLE-AIMS-OWNER,AIMS management owner,"Approve AIMS scope, policy, objectives, resources, management review, material risk acceptance and certification decisions.","AIMS governance; risk-based decision making; evidence-state discipline; authority boundaries; resource allocation","May not treat delegated VE output as human accountability; should not represent self-assessment as independent certification",ASSIGNED_FOUNDER_CEO,ASSIGNMENT_APPROVED_COMPETENCE_EVIDENCE_NOT_INDEPENDENTLY_ASSESSED,"Management assignment decision; relevant experience/training/competence record; management-review participation evidence",docs/governance/iso/AIMS-RESPONSIBILITY-MATRIX.md;docs/governance/iso/AIMS-SCOPE-DRAFT.md,"Material scope/authority change; certification planning; annual or management-defined competence review"
ROLE-SYSTEM-OWNER,AI/system owner,"Own intended use, lifecycle, system inventory, change impact, operational limits and system-level risk inputs.","System architecture; lifecycle management; intended-use definition; change impact; reliability/security awareness","Should not independently approve own high/critical residual risk without AIMS/risk authority",ROLE_DEFINED_ASSIGNMENT_PENDING,REQUIREMENTS_DEFINED_PERSON_EVIDENCE_PENDING,"Named assignment; role-relevant experience/training; system ownership evidence; reviewed intended-use/risk records",docs/governance/iso/aims-system-inventory.csv;docs/governance/iso/AIMS-INTENDED-USE-AND-OVERSIGHT-BASELINE.md,"New material system; owner change; consequential deployment; major architecture/provider change"
ROLE-RISK-OWNER,AI risk owner,"Assess, treat, monitor and escalate assigned AI risks and residual risk.","Risk identification; impact analysis; treatment selection; evidence evaluation; escalation discipline","May not silently accept high/critical risk; material acceptance remains with authorized human management",ROLE_DEFINED_ASSIGNMENT_PENDING,REQUIREMENTS_DEFINED_PERSON_EVIDENCE_PENDING,"Named assignment; risk-method competence; completed/reviewed risk assessments; treatment follow-up evidence",docs/governance/iso/AIMS-RISK-AND-IMPACT-REGISTER.md;docs/governance/iso/aims-system-risk-baseline.csv,"New high/critical risk; treatment failure; incident; system/supplier change; owner change"
ROLE-CONTROL-OWNER,AIMS control owner,"Implement, maintain and evidence assigned technical or organizational controls.","Control objective understanding; implementation discipline; verification evidence; change management","Should not be sole independent assessor of own material control where independent review is required",ROLE_DEFINED_ASSIGNMENT_PENDING,REQUIREMENTS_DEFINED_PERSON_EVIDENCE_PENDING,"Named assignment; control-specific competence; implementation evidence; corrective-action history where applicable",docs/governance/iso/AIMS-CONTROL-EVIDENCE-MATRIX.md;AGENTS.md,"Control change; failed verification; finding/nonconformity; owner change"
ROLE-SECURITY-SRE,Security and reliability owner,"Own security/reliability controls, incident containment support, least privilege and operational resilience.","Application/cloud/database security; reliability; incident response; secrets/access controls; recovery concepts","Privilege changes and destructive production actions require authorized scope; may not self-approve critical exceptions",ROLE_DEFINED_ASSIGNMENT_PENDING,REQUIREMENTS_DEFINED_PERSON_EVIDENCE_PENDING,"Named assignment; role-relevant technical evidence/training; incident/security review evidence; access/authority record",docs/governance/iso/AIMS-RESPONSIBILITY-MATRIX.md;docs/governance/iso/LIVE-READ-ONLY-EVIDENCE-2026-10-10.md,"Security architecture change; production activation; incident; privileged-access change"
ROLE-DATA-PRIVACY,Data and privacy owner,"Own data classification, acquisition authority, provenance, quality, access, retention and privacy-impact inputs.","Data governance; privacy principles; provenance/lineage; quality; retention/disposition; sensitive-data handling","May not infer lawful basis or retention periods without applicable legal/contract review",ROLE_DEFINED_ASSIGNMENT_PENDING,REQUIREMENTS_DEFINED_PERSON_EVIDENCE_PENDING,"Named assignment; data/privacy competence evidence; reviewed data-flow/classification/retention records",docs/governance/iso/AIMS-AI-SYSTEM-AND-SUPPLIER-INVENTORY.md;docs/governance/iso/aims-system-inventory.csv,"New data class/source; memory/RAG ingestion; jurisdiction/customer change; retention/access change"
ROLE-VERIFICATION-AUDIT,Verification and internal-audit reviewer,"Verify technical evidence and conduct sufficiently independent AIMS review/audit work.","Test/evidence evaluation; audit methods; sampling; independence; finding documentation; corrective-action effectiveness review","Should not audit own work where practical; cannot certify CoMind or close own unsupported findings",ROLE_DEFINED_ASSIGNMENT_PENDING,REQUIREMENTS_DEFINED_PERSON_EVIDENCE_PENDING,"Named reviewer/auditor; competence evidence; independence/conflict check; review/audit records",docs/governance/iso/AIMS-AUDIT-REVIEW-CORRECTIVE-ACTION.md;docs/governance/iso/AIMS-RESPONSIBILITY-MATRIX.md,"Internal-audit scheduling; material finding; certification planning; reviewer/conflict change"
ROLE-INCIDENT-OWNER,AI/security incident owner,"Classify incidents, coordinate containment/escalation, preserve evidence, assign communications and drive corrective action.","Incident command; severity assessment; evidence preservation; stakeholder communication; recovery/corrective-action coordination","May not suppress required escalation or invent external notification obligations/deadlines",ROLE_DEFINED_ASSIGNMENT_PENDING,REQUIREMENTS_DEFINED_PERSON_EVIDENCE_PENDING,"Named incident authority/on-call route; incident-response competence; exercises/incidents; communication approvals",docs/governance/iso/AIMS-AUDIT-REVIEW-CORRECTIVE-ACTION.md;docs/governance/iso/AIMS-RESPONSIBILITY-MATRIX.md,"Incident; exercise; service/product scope change; regulatory/customer applicability change"
ROLE-SUPPLIER-OWNER,Supplier/business owner,"Assess material AI/cloud/development suppliers, data flows, terms, continuity, cost dependency and exit/reassessment triggers.","Supplier risk; service/data-flow understanding; contract/terms review coordination; continuity/exit planning; cost/lock-in analysis","May not infer supplier certification, contractual protection or data-processing terms without evidence",ROLE_DEFINED_ASSIGNMENT_PENDING,REQUIREMENTS_DEFINED_PERSON_EVIDENCE_PENDING,"Named assignment; supplier-review competence; completed supplier assessments; reassessment/exit evidence",docs/governance/iso/aims-supplier-inventory.csv;docs/governance/iso/AIMS-AI-SYSTEM-AND-SUPPLIER-INVENTORY.md,"New supplier; material terms/subprocessor/region/model/service change; outage/incident; cost or exit trigger"
